{
  "ph_mse": 0.04963004216551781,
  "ph_rmse": 0.22277800738811493,
  "ph_mae": 0.17221039533615112,
  "ph_r2": 0.9517379403114319,
  "ph_corr": 0.975623093338121,
  "water_temp_mse": 0.057190973311662674,
  "water_temp_rmse": 0.23914633691310883,
  "water_temp_mae": 0.15993265807628632,
  "water_temp_r2": 0.9414977431297302,
  "water_temp_corr": 0.9703899381349231,
  "turbidity_mse": 0.06336032599210739,
  "turbidity_rmse": 0.2517147660255432,
  "turbidity_mae": 0.19251245260238647,
  "turbidity_r2": 0.933290958404541,
  "turbidity_corr": 0.9660925132130327,
  "average_r2": 0.942175547281901,
  "average_rmse": 0.23787970344225565
}