{
  "X_mean": [
    [
      [
        25.181106567382812,
        9.825732231140137,
        0.1802435964345932,
        -0.0004200614057481289,
        0.0015579441096633673,
        -0.001554223825223744,
        0.003691965015605092,
        0.4991919696331024,
        6.562971115112305,
        6.563066005706787,
        6.563107967376709,
        6.563111782073975,
        6.5628509521484375,
        27.152481079101562,
        27.15231704711914,
        27.152395248413086,
        27.151683807373047,
        27.149560928344727,
        31.227436065673828,
        31.227397918701172,
        31.227619171142578,
        31.22764015197754,
        31.226364135742188,
        6.562783718109131,
        0.22179612517356873,
        -2.5021907276823185e-05,
        27.154693603515625,
        1.0721813440322876,
        -0.00013535037578549236,
        31.22735595703125,
        2.400886058807373,
        4.701121724792756e-05,
        25.180252075195312,
        25.177814483642578,
        9.8253812789917,
        9.824341773986816,
        0.18015556037425995,
        0.17988672852516174,
        -1.9716663360595703
      ]
    ]
  ],
  "X_std": [
    [
      [
        6.873627185821533,
        5.163545608520508,
        0.9021572470664978,
        0.70708167552948,
        0.707179844379425,
        0.7070087790489197,
        0.7072957754135132,
        0.4999993145465851,
        0.7837942838668823,
        0.7838446497917175,
        0.7839013934135437,
        0.7840519547462463,
        0.784160852432251,
        3.9314935207366943,
        3.9316084384918213,
        3.9318177700042725,
        3.932351589202881,
        3.9322774410247803,
        7.167525768280029,
        7.166861534118652,
        7.166980266571045,
        7.166924476623535,
        7.1667609214782715,
        0.748957633972168,
        0.12361980974674225,
        0.23411200940608978,
        3.717594623565674,
        0.9048979878425598,
        1.2869497537612915,
        6.72017240524292,
        1.2981468439102173,
        2.5267980098724365,
        6.87178897857666,
        6.868067741394043,
        5.163610935211182,
        5.163432598114014,
        0.9013346433639526,
        0.8992051482200623,
        7.186139106750488
      ]
    ]
  ],
  "y_single_mean": [
    [
      6.562002182006836,
      27.151086807250977,
      31.21025848388672
    ]
  ],
  "y_single_std": [
    [
      0.7818613052368164,
      3.9334192276000977,
      7.183116436004639
    ]
  ],
  "y_multi_mean": [
    [
      [
        6.566046237945557,
        27.156526565551758,
        31.233078002929688
      ]
    ]
  ],
  "y_multi_std": [
    [
      [
        0.7835702300071716,
        3.93705677986145,
        7.177676677703857
      ]
    ]
  ],
  "y_single_mean_raw": [
    6.562002182006836,
    27.151086807250977,
    31.21025848388672
  ],
  "y_single_std_raw": [
    0.7818613052368164,
    3.9334192276000977,
    7.183116436004639
  ]
}